﻿<?xml version="1.0" encoding="utf-8" ?>
<events>
  <event>
    <title>Event N°1</title>
    <!-- Date can support the following formats : YYYY-MM-DD or YYYY-MM-DD HH:MM (2012-12-05 14:00) -->
    <date>2012-12-05 13:37</date>
    <description>
      Lorem ipsum dolor sit amet, consectetur adipiscing elit. Vivamus porttitor faucibus ultrices. Aliquam erat volutpat. Praesent ac turpis in arcu hendrerit condimentum. Duis porta risus vel dui molestie eu pulvinar lorem imperdiet. Morbi mattis condimentum congue. Nulla aliquam, nisl sed convallis fringilla, elit purus vulputate mi, vitae tincidunt massa purus eu arcu. Sed eget tortor quis tortor posuere ullamcorper. Suspendisse potenti.
       
      Duis ultricies semper lectus ut porttitor. Praesent a magna tortor. Ut pulvinar, enim eu condimentum egestas, lectus augue consequat ligula, ac suscipit nisl augue in sem. Proin sapien lorem, semper sit amet viverra id, convallis vel quam. Proin sed tellus velit. Morbi aliquet vestibulum ligula elementum volutpat. Phasellus eget nunc in arcu congue sollicitudin id a mi. Donec ornare, mauris eu condimentum facilisis, nibh justo lacinia diam, at congue velit mi eu sapien. Nam ligula massa, sagittis a suscipit eget, sodales sed mauris. Quisque sed lacus urna. Sed sit amet nunc vitae nisl egestas sagittis vitae vitae arcu. Pellentesque lorem libero, tincidunt eget ornare eget, volutpat in odio.
       
      In vestibulum, eros ut tincidunt scelerisque, magna massa porttitor tortor, ut hendrerit metus sem at turpis. Sed in metus sodales turpis bibendum ornare. Ut luctus consectetur accumsan. Fusce urna orci, convallis ac consequat non, porta et arcu. Vestibulum libero lacus, eleifend ut dictum ac, tempus quis felis. Maecenas vel nisi et ligula tincidunt viverra commodo ut massa. Aliquam sed tempus justo. Vestibulum semper venenatis dolor, at tincidunt ante pulvinar at. Nunc sollicitudin lectus sed justo consequat a faucibus lacus dapibus. Suspendisse potenti. Ut massa justo, tristique ut suscipit a, cursus ut est. Fusce ut magna dolor, vel faucibus erat. Sed quam ligula, bibendum eget aliquam in, accumsan a dolor. Proin id enim dolor. Vestibulum auctor neque eu justo blandit in auctor risus rhoncus. Pellentesque faucibus tellus vitae est commodo vel fermentum elit consectetur.
       
      Cras urna purus, porta et dignissim sit amet, congue laoreet magna. Donec malesuada, justo sed bibendum tincidunt, erat nisi rutrum metus, nec rhoncus magna mi tempor quam. Quisque ac nunc sit amet tellus hendrerit tempus vel eget risus. Phasellus tincidunt risus nec dolor dignissim id tempus libero gravida. Nullam porttitor augue iaculis libero pretium congue in non ante. In sodales bibendum leo, dictum ullamcorper diam iaculis et. Nulla non massa eu nulla rutrum varius. Integer ornare mollis ante facilisis consectetur. Duis at felis quis dui ultricies dictum. Etiam vestibulum mauris quis magna mattis pretium. Donec eu augue eu ligula facilisis laoreet.
       
      Vivamus eu varius velit. Phasellus porta venenatis mi, eget placerat lorem feugiat ut. Donec suscipit metus at risus vestibulum dictum. Pellentesque habitant morbi tristique senectus et netus et malesuada fames ac turpis egestas. Cras adipiscing ipsum quis mi sollicitudin vitae vulputate dui vehicula. Maecenas ultricies dolor sit amet massa pulvinar tempus. Cras et consequat elit. Sed aliquet tortor sit amet nisl ultrices non ornare magna condimentum.
    </description>
    <!-- PictureURI is a 250x250px image link (or square picture bigger than 250px wide) -->
    <pictureURI>http://aheadsolutions.s3.amazonaws.com/MonAssoce/Windows8/Content/Images/Events/1.jpg</pictureURI>
    <bigPictureURI></bigPictureURI>
    <remotePictureURI>http://aheadsolutions.s3.amazonaws.com/MonAssoce/Windows8/Content/Images/Events/1.jpg</remotePictureURI>
    <contactName>Sebastien</contactName>
    <contactEmail>contact@ahead-solutions.com</contactEmail>
    <phoneNumber>3300000000</phoneNumber>
    <webSiteURL>http://www.ahead-solutions.com</webSiteURL>
    <address>Avenue de Champs Elysees 75008 PARIS</address>
    <!-- Deprecated. Bing Map finds the event location based on the address provided.
    Event exact event location (to display on Bing map) : Latitude;Longitude -->
    <!--<location>47.653810928585294;-122.31106996536255</location>-->
  </event>
  <event>
    <title>Event N°2</title>
    <!-- Date can support the following formats : YYYY-MM-DD or YYYY-MM-DD HH:MM (2012-12-05 14:00) -->
    <date>2012-12-02</date>
    <description>
      Lorem ipsum dolor sit amet, consectetur adipiscing elit. Proin imperdiet hendrerit venenatis. Vestibulum ullamcorper tortor magna, viverra tincidunt orci. Sed malesuada faucibus sapien, a varius ante auctor ac. Vivamus adipiscing facilisis molestie. Integer enim lacus, egestas ac euismod vel, lacinia vel odio. Suspendisse luctus congue risus, eget porta sapien ornare vitae. Duis lobortis urna vitae mi pellentesque eget auctor ipsum fermentum. Curabitur felis nulla, rutrum et dictum in, scelerisque quis nisl.
       
      Nam fringilla volutpat tortor, et cursus urna eleifend ut. Nunc ultrices, tortor non ullamcorper pharetra, velit dui gravida ligula, a dictum risus risus eu orci. Nullam id dolor ultricies nunc consectetur molestie. Phasellus volutpat aliquam diam vitae faucibus. Maecenas in ipsum mi, quis ultricies ipsum. Proin libero mauris, rutrum quis fermentum et, porttitor in elit. Curabitur hendrerit nulla sed neque tempor bibendum. Proin eu ante sem, adipiscing semper leo.
       
      Duis facilisis venenatis quam. Vivamus rhoncus nulla id nunc imperdiet at auctor arcu laoreet. Suspendisse accumsan nibh id orci fermentum feugiat. Nullam quis dictum orci. Maecenas at diam non diam suscipit adipiscing id et lorem. Maecenas auctor odio nec dui elementum in porttitor nisl suscipit. Sed vestibulum pharetra mi vitae malesuada. Proin vitae mi metus, eget pulvinar libero. Duis scelerisque diam vel lorem vulputate et rutrum dolor aliquam. Nunc est eros, suscipit a egestas ut, pulvinar in lacus. Quisque orci felis, faucibus a pulvinar a, interdum in nibh.
       
      Cras ut lectus id massa lobortis sodales. Aenean malesuada fringilla vehicula. Mauris semper iaculis ultrices. Quisque arcu libero, dapibus ac tempus in, viverra accumsan lorem. Etiam euismod feugiat metus sit amet elementum. Nam semper hendrerit lacus, non convallis arcu varius eleifend. Nullam sit amet est urna. Fusce nec dolor non turpis hendrerit porta sit amet id nunc. Pellentesque nec justo ut risus lacinia luctus. Donec nec euismod turpis. Maecenas ullamcorper nulla nec lectus hendrerit iaculis. Vestibulum purus nibh, interdum porta molestie nec, malesuada ut velit.
       
      Curabitur nec lectus libero. Suspendisse elit quam, rutrum sed tempus in, commodo id ante. Nam sit amet dui velit. Vestibulum ante ipsum primis in faucibus orci luctus et ultrices posuere cubilia Curae; Nunc rutrum ipsum orci. Quisque eleifend dictum quam in tempus. Duis vel ante diam. Pellentesque in risus nec ipsum mattis consectetur. Suspendisse aliquam lorem sit amet lacus cursus auctor. Cum sociis natoque penatibus et magnis dis parturient montes, nascetur ridiculus mus. Vivamus elementum mollis felis eget commodo. Etiam in sapien ligula, in dignissim lorem. Cras laoreet nibh nec urna iaculis ut iaculis sapien dictum.
    </description>
    <!-- PictureURI is a 250x250px image link (or square picture bigger than 250px wide) -->
    <pictureURI>http://aheadsolutions.s3.amazonaws.com/MonAssoce/Windows8/Content/Images/Events/2.jpg</pictureURI>
    <bigPictureURI></bigPictureURI>
    <remotePictureURI>http://aheadsolutions.s3.amazonaws.com/MonAssoce/Windows8/Content/Images/Events/2.jpg</remotePictureURI>
    <contactName>Sebastien</contactName>
    <contactEmail>contact@ahead-solutions.com</contactEmail>
    <phoneNumber>3300000000</phoneNumber>
    <webSiteURL>http://www.ahead-solutions.com</webSiteURL>
    <address>Avenue de Villiers 75017 PARIS</address>
    <!-- Deprecated. Bing Map finds the event location based on the address provided.
    Event exact event location (to display on Bing map) : Latitude;Longitude -->
    <!--<location>47.653810928585294;-122.31106996536255</location>-->
  </event>
  <event>
    <title>Event N°3</title>
    <!-- Date can support the following formats : YYYY-MM-DD or YYYY-MM-DD HH:MM (2012-12-05 14:00) -->
    <date>2012-12-04 13:37</date>
    <description>
      Lorem ipsum dolor sit amet, consectetur adipiscing elit. Proin imperdiet hendrerit venenatis. Vestibulum ullamcorper tortor magna, viverra tincidunt orci. Sed malesuada faucibus sapien, a varius ante auctor ac. Vivamus adipiscing facilisis molestie. Integer enim lacus, egestas ac euismod vel, lacinia vel odio. Suspendisse luctus congue risus, eget porta sapien ornare vitae. Duis lobortis urna vitae mi pellentesque eget auctor ipsum fermentum. Curabitur felis nulla, rutrum et dictum in, scelerisque quis nisl.
       
      Nam fringilla volutpat tortor, et cursus urna eleifend ut. Nunc ultrices, tortor non ullamcorper pharetra, velit dui gravida ligula, a dictum risus risus eu orci. Nullam id dolor ultricies nunc consectetur molestie. Phasellus volutpat aliquam diam vitae faucibus. Maecenas in ipsum mi, quis ultricies ipsum. Proin libero mauris, rutrum quis fermentum et, porttitor in elit. Curabitur hendrerit nulla sed neque tempor bibendum. Proin eu ante sem, adipiscing semper leo.
       
      Duis facilisis venenatis quam. Vivamus rhoncus nulla id nunc imperdiet at auctor arcu laoreet. Suspendisse accumsan nibh id orci fermentum feugiat. Nullam quis dictum orci. Maecenas at diam non diam suscipit adipiscing id et lorem. Maecenas auctor odio nec dui elementum in porttitor nisl suscipit. Sed vestibulum pharetra mi vitae malesuada. Proin vitae mi metus, eget pulvinar libero. Duis scelerisque diam vel lorem vulputate et rutrum dolor aliquam. Nunc est eros, suscipit a egestas ut, pulvinar in lacus. Quisque orci felis, faucibus a pulvinar a, interdum in nibh.
       
      Cras ut lectus id massa lobortis sodales. Aenean malesuada fringilla vehicula. Mauris semper iaculis ultrices. Quisque arcu libero, dapibus ac tempus in, viverra accumsan lorem. Etiam euismod feugiat metus sit amet elementum. Nam semper hendrerit lacus, non convallis arcu varius eleifend. Nullam sit amet est urna. Fusce nec dolor non turpis hendrerit porta sit amet id nunc. Pellentesque nec justo ut risus lacinia luctus. Donec nec euismod turpis. Maecenas ullamcorper nulla nec lectus hendrerit iaculis. Vestibulum purus nibh, interdum porta molestie nec, malesuada ut velit.
       
      Curabitur nec lectus libero. Suspendisse elit quam, rutrum sed tempus in, commodo id ante. Nam sit amet dui velit. Vestibulum ante ipsum primis in faucibus orci luctus et ultrices posuere cubilia Curae; Nunc rutrum ipsum orci. Quisque eleifend dictum quam in tempus. Duis vel ante diam. Pellentesque in risus nec ipsum mattis consectetur. Suspendisse aliquam lorem sit amet lacus cursus auctor. Cum sociis natoque penatibus et magnis dis parturient montes, nascetur ridiculus mus. Vivamus elementum mollis felis eget commodo. Etiam in sapien ligula, in dignissim lorem. Cras laoreet nibh nec urna iaculis ut iaculis sapien dictum.
    </description>
    <!-- PictureURI is a 250x250px image link (or square picture bigger than 250px wide) -->
    <pictureURI>http://aheadsolutions.s3.amazonaws.com/MonAssoce/Windows8/Content/Images/Events/3.jpg</pictureURI>
    <bigPictureURI></bigPictureURI>
    <remotePictureURI>http://aheadsolutions.s3.amazonaws.com/MonAssoce/Windows8/Content/Images/Events/3.jpg</remotePictureURI>
    <contactName>Clément</contactName>
    <contactEmail>contact@ahead-solutions.com</contactEmail>
    <phoneNumber>3300000000</phoneNumber>
    <webSiteURL>http://www.ahead-solutions.com</webSiteURL>
    <address>Avenue de Champs Elysees 75008 PARIS</address>
    <!-- Deprecated. Bing Map finds the event location based on the address provided.
    Event exact event location (to display on Bing map) : Latitude;Longitude -->
    <!--<location>47.653810928585294;-122.31106996536255</location>-->
  </event>
  <event>
    <title>Event N°4</title>
    <!-- Date can support the following formats : YYYY-MM-DD or YYYY-MM-DD HH:MM (2012-12-05 14:00) -->
    <date>2012-12-07 13:37</date>
    <description>
      Lorem ipsum dolor sit amet, consectetur adipiscing elit. Proin imperdiet hendrerit venenatis. Vestibulum ullamcorper tortor magna, viverra tincidunt orci. Sed malesuada faucibus sapien, a varius ante auctor ac. Vivamus adipiscing facilisis molestie. Integer enim lacus, egestas ac euismod vel, lacinia vel odio. Suspendisse luctus congue risus, eget porta sapien ornare vitae. Duis lobortis urna vitae mi pellentesque eget auctor ipsum fermentum. Curabitur felis nulla, rutrum et dictum in, scelerisque quis nisl.
       
      Nam fringilla volutpat tortor, et cursus urna eleifend ut. Nunc ultrices, tortor non ullamcorper pharetra, velit dui gravida ligula, a dictum risus risus eu orci. Nullam id dolor ultricies nunc consectetur molestie. Phasellus volutpat aliquam diam vitae faucibus. Maecenas in ipsum mi, quis ultricies ipsum. Proin libero mauris, rutrum quis fermentum et, porttitor in elit. Curabitur hendrerit nulla sed neque tempor bibendum. Proin eu ante sem, adipiscing semper leo.
       
      Duis facilisis venenatis quam. Vivamus rhoncus nulla id nunc imperdiet at auctor arcu laoreet. Suspendisse accumsan nibh id orci fermentum feugiat. Nullam quis dictum orci. Maecenas at diam non diam suscipit adipiscing id et lorem. Maecenas auctor odio nec dui elementum in porttitor nisl suscipit. Sed vestibulum pharetra mi vitae malesuada. Proin vitae mi metus, eget pulvinar libero. Duis scelerisque diam vel lorem vulputate et rutrum dolor aliquam. Nunc est eros, suscipit a egestas ut, pulvinar in lacus. Quisque orci felis, faucibus a pulvinar a, interdum in nibh.
       
      Cras ut lectus id massa lobortis sodales. Aenean malesuada fringilla vehicula. Mauris semper iaculis ultrices. Quisque arcu libero, dapibus ac tempus in, viverra accumsan lorem. Etiam euismod feugiat metus sit amet elementum. Nam semper hendrerit lacus, non convallis arcu varius eleifend. Nullam sit amet est urna. Fusce nec dolor non turpis hendrerit porta sit amet id nunc. Pellentesque nec justo ut risus lacinia luctus. Donec nec euismod turpis. Maecenas ullamcorper nulla nec lectus hendrerit iaculis. Vestibulum purus nibh, interdum porta molestie nec, malesuada ut velit.
       
      Curabitur nec lectus libero. Suspendisse elit quam, rutrum sed tempus in, commodo id ante. Nam sit amet dui velit. Vestibulum ante ipsum primis in faucibus orci luctus et ultrices posuere cubilia Curae; Nunc rutrum ipsum orci. Quisque eleifend dictum quam in tempus. Duis vel ante diam. Pellentesque in risus nec ipsum mattis consectetur. Suspendisse aliquam lorem sit amet lacus cursus auctor. Cum sociis natoque penatibus et magnis dis parturient montes, nascetur ridiculus mus. Vivamus elementum mollis felis eget commodo. Etiam in sapien ligula, in dignissim lorem. Cras laoreet nibh nec urna iaculis ut iaculis sapien dictum.
    </description>
    <!-- PictureURI is a 250x250px image link (or square picture bigger than 250px wide) -->
    <pictureURI>http://aheadsolutions.s3.amazonaws.com/MonAssoce/Windows8/Content/Images/Events/4.jpg</pictureURI>
    <bigPictureURI></bigPictureURI>
    <remotePictureURI>http://aheadsolutions.s3.amazonaws.com/MonAssoce/Windows8/Content/Images/Events/4.jpg</remotePictureURI>
    <contactName>Julien</contactName>
    <contactEmail>contact@ahead-solutions.com</contactEmail>
    <phoneNumber>3300000000</phoneNumber>
    <webSiteURL>http://www.ahead-solutions.com</webSiteURL>
    <address>Avenue de Champs Elysees 75008 PARIS</address>
    <!-- Deprecated. Bing Map finds the event location based on the address provided.
    Event exact event location (to display on Bing map) : Latitude;Longitude -->
    <!--<location>47.653810928585294;-122.31106996536255</location>-->
  </event>
  <event>
    <title>Event N°5</title>
    <!-- Date can support the following formats : YYYY-MM-DD or YYYY-MM-DD HH:MM (2012-12-05 14:00) -->
    <date>2012-12-31 21:30</date>
    <description>
      Lorem ipsum dolor sit amet, consectetur adipiscing elit. Proin imperdiet hendrerit venenatis. Vestibulum ullamcorper tortor magna, viverra tincidunt orci. Sed malesuada faucibus sapien, a varius ante auctor ac. Vivamus adipiscing facilisis molestie. Integer enim lacus, egestas ac euismod vel, lacinia vel odio. Suspendisse luctus congue risus, eget porta sapien ornare vitae. Duis lobortis urna vitae mi pellentesque eget auctor ipsum fermentum. Curabitur felis nulla, rutrum et dictum in, scelerisque quis nisl.
       
      Nam fringilla volutpat tortor, et cursus urna eleifend ut. Nunc ultrices, tortor non ullamcorper pharetra, velit dui gravida ligula, a dictum risus risus eu orci. Nullam id dolor ultricies nunc consectetur molestie. Phasellus volutpat aliquam diam vitae faucibus. Maecenas in ipsum mi, quis ultricies ipsum. Proin libero mauris, rutrum quis fermentum et, porttitor in elit. Curabitur hendrerit nulla sed neque tempor bibendum. Proin eu ante sem, adipiscing semper leo.
       
      Duis facilisis venenatis quam. Vivamus rhoncus nulla id nunc imperdiet at auctor arcu laoreet. Suspendisse accumsan nibh id orci fermentum feugiat. Nullam quis dictum orci. Maecenas at diam non diam suscipit adipiscing id et lorem. Maecenas auctor odio nec dui elementum in porttitor nisl suscipit. Sed vestibulum pharetra mi vitae malesuada. Proin vitae mi metus, eget pulvinar libero. Duis scelerisque diam vel lorem vulputate et rutrum dolor aliquam. Nunc est eros, suscipit a egestas ut, pulvinar in lacus. Quisque orci felis, faucibus a pulvinar a, interdum in nibh.
       
      Cras ut lectus id massa lobortis sodales. Aenean malesuada fringilla vehicula. Mauris semper iaculis ultrices. Quisque arcu libero, dapibus ac tempus in, viverra accumsan lorem. Etiam euismod feugiat metus sit amet elementum. Nam semper hendrerit lacus, non convallis arcu varius eleifend. Nullam sit amet est urna. Fusce nec dolor non turpis hendrerit porta sit amet id nunc. Pellentesque nec justo ut risus lacinia luctus. Donec nec euismod turpis. Maecenas ullamcorper nulla nec lectus hendrerit iaculis. Vestibulum purus nibh, interdum porta molestie nec, malesuada ut velit.
       
      Curabitur nec lectus libero. Suspendisse elit quam, rutrum sed tempus in, commodo id ante. Nam sit amet dui velit. Vestibulum ante ipsum primis in faucibus orci luctus et ultrices posuere cubilia Curae; Nunc rutrum ipsum orci. Quisque eleifend dictum quam in tempus. Duis vel ante diam. Pellentesque in risus nec ipsum mattis consectetur. Suspendisse aliquam lorem sit amet lacus cursus auctor. Cum sociis natoque penatibus et magnis dis parturient montes, nascetur ridiculus mus. Vivamus elementum mollis felis eget commodo. Etiam in sapien ligula, in dignissim lorem. Cras laoreet nibh nec urna iaculis ut iaculis sapien dictum.
    </description>
    <!-- PictureURI is a 250x250px image link (or square picture bigger than 250px wide) -->
    <pictureURI>http://aheadsolutions.s3.amazonaws.com/MonAssoce/Windows8/Content/Images/Events/5.jpg</pictureURI>
    <bigPictureURI></bigPictureURI>
    <remotePictureURI>http://aheadsolutions.s3.amazonaws.com/MonAssoce/Windows8/Content/Images/Events/5.jpg</remotePictureURI>
    <contactName>Julien</contactName>
    <contactEmail>contact@ahead-solutions.com</contactEmail>
    <phoneNumber>3300000000</phoneNumber>
    <webSiteURL>http://www.ahead-solutions.com</webSiteURL>
    <address>Avenue de Champs Elysees 75008 PARIS</address>
    <!-- Deprecated. Bing Map finds the event location based on the address provided.
      Event exact event location (to display on Bing map) : Latitude;Longitude -->
    <!--<location>47.653810928585294;-122.31106996536255</location>-->
  </event>
</events>