﻿<?xml version="1.0" encoding="utf-8" ?>
<presentation>
  <bigPictureURI>http://aheadsolutions.s3.amazonaws.com/MonAssoce/Windows8/Content/Images/Presentation/1.jpg</bigPictureURI>
  <description>lorem ipsum lorem ipsum lorem ipsum lorem ipsum lorem ipsum lorem ipsum ipsum lorem ipsum lorem ipsum lorem ipsum lorem ipsum lorem ipsum lorem ipsum lorem ipsum lorem ipsum lorem ipsum lorem ipsum lorem ipsum ipsum lorem ipsum lorem ipsum lorem ipsum lorem ipsum lorem ipsum</description>
  <images>
    <image>http://aheadsolutions.s3.amazonaws.com/MonAssoce/Windows8/Content/Images/Presentation/2.jpg</image>
    <image>http://aheadsolutions.s3.amazonaws.com/MonAssoce/Windows8/Content/Images/Presentation/3.jpg</image>
    <image>http://aheadsolutions.s3.amazonaws.com/MonAssoce/Windows8/Content/Images/Presentation/4.jpg</image>
    <image>http://aheadsolutions.s3.amazonaws.com/MonAssoce/Windows8/Content/Images/Presentation/5.jpg</image>
    <image>http://aheadsolutions.s3.amazonaws.com/MonAssoce/Windows8/Content/Images/Presentation/6.jpg</image>
    <image>http://aheadsolutions.s3.amazonaws.com/MonAssoce/Windows8/Content/Images/Presentation/7.jpg</image>
    <image>http://aheadsolutions.s3.amazonaws.com/MonAssoce/Windows8/Content/Images/Presentation/8.jpg</image>
    <image>http://aheadsolutions.s3.amazonaws.com/MonAssoce/Windows8/Content/Images/Presentation/9.jpg</image>
    <image>http://aheadsolutions.s3.amazonaws.com/MonAssoce/Windows8/Content/Images/Presentation/10.jpg</image>
    <image>http://aheadsolutions.s3.amazonaws.com/MonAssoce/Windows8/Content/Images/Presentation/11.jpg</image>
    <image>http://aheadsolutions.s3.amazonaws.com/MonAssoce/Windows8/Content/Images/Presentation/12.jpg</image>
    <image>http://aheadsolutions.s3.amazonaws.com/MonAssoce/Windows8/Content/Images/Presentation/13.jpg</image>
    <image>http://aheadsolutions.s3.amazonaws.com/MonAssoce/Windows8/Content/Images/Presentation/14.jpg</image>
    <image>http://aheadsolutions.s3.amazonaws.com/MonAssoce/Windows8/Content/Images/Presentation/15.jpg</image>
    <image>http://aheadsolutions.s3.amazonaws.com/MonAssoce/Windows8/Content/Images/Presentation/16.jpg</image>
    <image>http://aheadsolutions.s3.amazonaws.com/MonAssoce/Windows8/Content/Images/Presentation/17.jpg</image>
    <image>http://aheadsolutions.s3.amazonaws.com/MonAssoce/Windows8/Content/Images/Presentation/18.jpg</image>
    <image>http://aheadsolutions.s3.amazonaws.com/MonAssoce/Windows8/Content/Images/Presentation/19.jpg</image>
    <image>http://aheadsolutions.s3.amazonaws.com/MonAssoce/Windows8/Content/Images/Presentation/20.jpg</image>
  </images>
</presentation>